,Termin,"Dzień, godzina",Przedmiot,Typ,Nauczyciel,Sala
1,2026-02-23,Pn 13:15 - 15:45 (3g.),Computer Programming 2,ćwiczenia,dr Katarzyna Wójcik,"Paw.A 013 lab. Win10, Office21"
6,2026-02-24,Wt 13:15 - 14:45 (2g.),Probability and Statistics,ćwiczenia,prof. dr hab. Andrzej Sokołowski,"Paw.A 07 lab. Win7, Office21"
15,2026-02-26,Cz 15:00 - 16:30 (2g.),Operating Systems and Computer Networks,ćwiczenia,prof. UEK dr hab. Joanna Wyrobek,"Paw.A 07 lab. Win7, Office21"
19,2026-03-02,Pn 13:15 - 15:45 (3g.),Computer Programming 2,ćwiczenia,dr Katarzyna Wójcik,"Paw.A 013 lab. Win10, Office21"
30,2026-03-05,Cz 15:00 - 16:30 (2g.),Operating Systems and Computer Networks,ćwiczenia,prof. UEK dr hab. Joanna Wyrobek,"Paw.A 07 lab. Win7, Office21"
33,2026-03-09,Pn 13:15 - 15:45 (3g.),Computer Programming 2,ćwiczenia,dr Katarzyna Wójcik,"Paw.A 013 lab. Win10, Office21"
38,2026-03-10,Wt 13:15 - 14:45 (2g.),Probability and Statistics,ćwiczenia,prof. dr hab. Andrzej Sokołowski,"Paw.A 07 lab. Win7, Office21"
47,2026-03-12,Cz 15:00 - 16:30 (2g.),Operating Systems and Computer Networks,ćwiczenia,prof. UEK dr hab. Joanna Wyrobek,"Paw.A 07 lab. Win7, Office21"
51,2026-03-16,Pn 13:15 - 15:45 (3g.),Computer Programming 2,ćwiczenia,dr Katarzyna Wójcik,"Paw.A 013 lab. Win10, Office21"
61,2026-03-18,Śr 15:00 - 16:30 (2g.),Discrete mathematics,ćwiczenia,dr Igor Sikora,Paw.U sala N
64,2026-03-19,Cz 15:00 - 16:30 (2g.),Operating Systems and Computer Networks,ćwiczenia,prof. UEK dr hab. Joanna Wyrobek,"Paw.A 07 lab. Win7, Office21"
66,2026-03-19,Cz 16:45 - 18:15 (2g.),Information Systems,ćwiczenia,mgr inż. Justyna Olczak,Bibl.425
69,2026-03-23,Pn 13:15 - 15:45 (3g.),Computer Programming 2,ćwiczenia,dr Katarzyna Wójcik,"Paw.A 013 lab. Win10, Office21"
74,2026-03-24,Wt 13:15 - 14:45 (2g.),Probability and Statistics,ćwiczenia,prof. dr hab. Andrzej Sokołowski,"Paw.A 07 lab. Win7, Office21"
80,2026-03-25,Śr 15:00 - 16:30 (2g.),Discrete mathematics,ćwiczenia,dr Igor Sikora,Paw.U sala N
89,2026-03-30,Pn 13:15 - 15:45 (3g.),Computer Programming 2,ćwiczenia,dr Katarzyna Wójcik,"Paw.A 013 lab. Win10, Office21"
97,2026-04-01,Śr 15:00 - 16:30 (2g.),Discrete mathematics,ćwiczenia,dr Igor Sikora,Paw.U sala N
100,2026-04-08,Śr 15:00 - 16:30 (2g.),Discrete mathematics,ćwiczenia,dr Igor Sikora,Paw.U sala N
107,2026-04-09,Cz 15:00 - 16:30 (2g.),Operating Systems and Computer Networks,ćwiczenia,prof. UEK dr hab. Joanna Wyrobek,"Paw.A 07 lab. Win7, Office21"
109,2026-04-09,Cz 16:45 - 18:15 (2g.),Information Systems,ćwiczenia,mgr inż. Justyna Olczak,Bibl.425
113,2026-04-13,Pn 13:15 - 15:45 (3g.),Computer Programming 2,ćwiczenia,dr Katarzyna Wójcik,"Paw.A 013 lab. Win10, Office21"
122,2026-04-15,Śr 15:00 - 16:30 (2g.),Discrete mathematics,ćwiczenia,dr Igor Sikora,Paw.U sala N
126,2026-04-16,Cz 15:00 - 16:30 (2g.),Operating Systems and Computer Networks,ćwiczenia,prof. UEK dr hab. Joanna Wyrobek,"Paw.A 07 lab. Win7, Office21"
128,2026-04-16,Cz 16:45 - 18:15 (2g.),Information Systems,ćwiczenia,mgr inż. Justyna Olczak,Bibl.425
131,2026-04-20,Pn 13:15 - 15:45 (3g.),Computer Programming 2,ćwiczenia,dr Katarzyna Wójcik,"Paw.A 013 lab. Win10, Office21"
136,2026-04-21,Wt 13:15 - 14:45 (2g.),Probability and Statistics,ćwiczenia,prof. dr hab. Andrzej Sokołowski,"Paw.A 07 lab. Win7, Office21"
141,2026-04-22,Śr 15:00 - 16:30 (2g.),Discrete mathematics,ćwiczenia,dr Igor Sikora,Paw.U sala N
147,2026-04-23,Cz 15:00 - 16:30 (2g.),Operating Systems and Computer Networks,ćwiczenia,prof. UEK dr hab. Joanna Wyrobek,"Paw.A 07 lab. Win7, Office21"
162,2026-04-29,Śr 15:00 - 16:30 (2g.),Discrete mathematics,ćwiczenia,dr Igor Sikora,Paw.U sala N
165,2026-04-30,Cz 13:15 - 14:45 (2g.),Discrete mathematics,ćwiczenia,dr Igor Sikora,link do zajęć
167,2026-04-30,Cz 15:00 - 16:30 (2g.),Operating Systems and Computer Networks,ćwiczenia,prof. UEK dr hab. Joanna Wyrobek,link do zajęć
171,2026-05-04,Pn 13:15 - 15:45 (3g.),Computer Programming 2,ćwiczenia,dr Katarzyna Wójcik,"Paw.A 013 lab. Win10, Office21"
180,2026-05-06,Śr 08:00 - 09:30 (2g.),Probability and Statistics,ćwiczenia,prof. dr hab. Andrzej Sokołowski,"Paw.A 118 lab. Win10, Office21"
183,2026-05-06,Śr 15:00 - 16:30 (2g.),Discrete mathematics,ćwiczenia,dr Igor Sikora,Paw.U sala N
189,2026-05-07,Cz 15:00 - 16:30 (2g.),Operating Systems and Computer Networks,ćwiczenia,prof. UEK dr hab. Joanna Wyrobek,"Paw.A 07 lab. Win7, Office21"
191,2026-05-07,Cz 16:45 - 18:15 (2g.),Information Systems,ćwiczenia,mgr inż. Justyna Olczak,Bibl.425
195,2026-05-11,Pn 13:15 - 15:45 (3g.),Computer Programming 2,ćwiczenia,dr Katarzyna Wójcik,"Paw.A 013 lab. Win10, Office21"
204,2026-05-13,Śr 15:00 - 16:30 (2g.),Discrete mathematics,ćwiczenia,dr Igor Sikora,Paw.U sala N
207,2026-05-14,Cz 13:15 - 14:45 (2g.),Discrete mathematics,ćwiczenia,dr Igor Sikora,Paw.B 058 (KSB)
209,2026-05-14,Cz 15:00 - 16:30 (2g.),Operating Systems and Computer Networks,ćwiczenia,prof. UEK dr hab. Joanna Wyrobek,"Paw.A 07 lab. Win7, Office21"
211,2026-05-14,Cz 16:45 - 18:15 (2g.),Information Systems,ćwiczenia,mgr inż. Justyna Olczak,Bibl.425
216,2026-05-18,Pn 13:15 - 15:45 (3g.),Computer Programming 2,ćwiczenia,dr Katarzyna Wójcik,"Paw.A 013 lab. Win10, Office21"
226,2026-05-20,Śr 13:15 - 14:45 (2g.),Operating Systems and Computer Networks,ćwiczenia,prof. UEK dr hab. Joanna Wyrobek,Paw.A 014 lab. Win8.1 Office21
228,2026-05-20,Śr 15:00 - 16:30 (2g.),Discrete mathematics,ćwiczenia,dr Igor Sikora,Paw.U sala N
234,2026-05-21,Cz 13:15 - 14:45 (2g.),Discrete mathematics,ćwiczenia,dr Igor Sikora,Paw.B 052 (KSB)
236,2026-05-21,Cz 15:00 - 16:30 (2g.),Operating Systems and Computer Networks,ćwiczenia,prof. UEK dr hab. Joanna Wyrobek,"Paw.A 07 lab. Win7, Office21"
238,2026-05-21,Cz 16:45 - 18:15 (2g.),Information Systems,ćwiczenia,mgr inż. Justyna Olczak,Bibl.425
242,2026-05-25,Pn 13:15 - 15:45 (3g.),Computer Programming 2,ćwiczenia,dr Katarzyna Wójcik,"Paw.A 013 lab. Win10, Office21"
250,2026-05-27,Śr 15:00 - 16:30 (2g.),Discrete mathematics,ćwiczenia,dr Igor Sikora,Paw.U sala N
253,2026-06-01,Pn 13:15 - 15:45 (3g.),Computer Programming 2,ćwiczenia,dr Katarzyna Wójcik,"Paw.A 013 lab. Win10, Office21"
258,2026-06-02,Wt 13:15 - 14:45 (2g.),Probability and Statistics,ćwiczenia,prof. dr hab. Andrzej Sokołowski,"Paw.A 07 lab. Win7, Office21"
266,2026-06-03,Śr 13:15 - 14:45 (2g.),Operating Systems and Computer Networks,ćwiczenia,prof. UEK dr hab. Joanna Wyrobek,Paw.A 014 lab. Win8.1 Office21
268,2026-06-03,Śr 15:00 - 16:30 (2g.),Discrete mathematics,ćwiczenia,dr Igor Sikora,Paw.U sala N
272,2026-06-08,Pn 13:15 - 15:45 (3g.),Computer Programming 2,ćwiczenia,dr Katarzyna Wójcik,"Paw.A 013 lab. Win10, Office21"
275,2026-06-09,Wt 08:00 - 09:30 (2g.),Probability and Statistics,ćwiczenia,prof. dr hab. Andrzej Sokołowski,"Paw.A 013 lab. Win10, Office21"
279,2026-06-09,Wt 14:00 - 14:45 (1g.),Probability and Statistics,ćwiczenia,prof. dr hab. Andrzej Sokołowski,"Paw.A 07 lab. Win7, Office21"
290,2026-06-11,Cz 15:00 - 16:30 (2g.),Operating Systems and Computer Networks,ćwiczenia,prof. UEK dr hab. Joanna Wyrobek,"Paw.A 07 lab. Win7, Office21"
292,2026-06-11,Cz 16:45 - 17:30 (1g.),Information Systems,ćwiczenia,mgr inż. Justyna Olczak,Bibl.425
294,2026-06-11,Cz 18:30 - 20:00 (2g.),Operating Systems and Computer Networks,ćwiczenia,prof. UEK dr hab. Joanna Wyrobek,"Paw.A 07 lab. Win7, Office21"
296,2026-06-17,Śr 10:30 - 13:00 (3g.),Discrete mathematics,egzamin,dr Grzegorz Kosiorowski,Paw.C Nowa Aula
297,2026-09-03,Cz 10:30 - 13:00 (3g.),Discrete mathematics,egzamin,dr Grzegorz Kosiorowski,Paw.F 102
